deal_id,created_date,sales_reps_id,rot_index,deal_velocity_ratio,current_cycle_days,deal_stage,cohort_win_rate,risk_score,action
D00164,2023-09-12,rep_22,1.87326561922573,166.81981981981983,111,Demo,0.4691358024691358,100,PURGE (High Risk)
D00503,2023-09-12,rep_19,1.87326561922573,18.44144144144144,111,Demo,0.4525862068965517,100,PURGE (High Risk)
D00380,2023-10-03,rep_1,1.5188640155884297,327.24444444444447,90,Demo,0.38144329896907214,100,PURGE (High Risk)
D04463,2023-10-04,rep_10,1.5019877487485582,136.80898876404495,89,Demo,0.38144329896907214,100,PURGE (High Risk)
D01460,2023-10-01,rep_8,1.5526165492681725,846.0760869565217,92,Demo,0.38144329896907214,100,PURGE (High Risk)
D01773,2023-09-28,rep_4,1.603245349787787,28.53684210526316,95,Demo,0.49230769230769234,100,PURGE (High Risk)
D01121,2023-09-30,rep_24,1.569492816108044,36.935483870967744,93,Demo,0.49230769230769234,100,PURGE (High Risk)
D02668,2023-09-29,rep_12,1.5863690829479153,162.5,94,Demo,0.4525862068965517,100,PURGE (High Risk)
D03082,2023-10-08,rep_7,1.4344826813890725,128.64705882352942,85,Demo,0.4189189189189189,95,PURGE (High Risk)
D03280,2023-10-03,rep_18,1.5188640155884297,255.6888888888889,90,Proposal,0.38144329896907214,95,PURGE (High Risk)
D01472,2023-10-03,rep_18,1.5188640155884297,296.1333333333333,90,Closed,0.38144329896907214,95,PURGE (High Risk)
D02141,2023-10-04,rep_3,1.5019877487485582,86.23595505617978,89,Qualified,0.4189189189189189,95,PURGE (High Risk)
D04182,2023-10-02,rep_10,1.535740282428301,213.54945054945054,91,Proposal,0.4189189189189189,95,PURGE (High Risk)
D04889,2023-10-06,rep_16,1.4682352150688154,334.41379310344826,87,Demo,0.4189189189189189,95,PURGE (High Risk)
D01486,2023-09-13,rep_17,1.8563893523858586,632.3272727272728,110,Demo,0.45491803278688525,80,PURGE (High Risk)
D04879,2023-09-29,rep_5,1.5863690829479153,1029.063829787234,94,Demo,0.49230769230769234,80,PURGE (High Risk)
D01929,2023-09-20,rep_13,1.7382554845067584,431.2330097087379,103,Demo,0.45491803278688525,80,PURGE (High Risk)
D03697,2023-12-01,rep_14,0.5231642720360147,366.741935483871,31,Demo,0.4189189189189189,75,REVIEW (Medium Risk)
D03622,2023-10-23,rep_14,1.181338678791001,66.04285714285714,70,Demo,0.38144329896907214,75,REVIEW (Medium Risk)
D01013,2023-11-12,rep_3,0.843813341993572,96.2,50,Demo,0.4189189189189189,75,REVIEW (Medium Risk)
D04077,2023-11-03,rep_9,0.995699743552415,35.28813559322034,59,Demo,0.4189189189189189,75,REVIEW (Medium Risk)
D03838,2023-11-24,rep_12,0.6412981399151148,314.1842105263158,38,Demo,0.4189189189189189,75,REVIEW (Medium Risk)
D00655,2023-11-05,rep_21,0.9619472098726721,82.03508771929825,57,Demo,0.4189189189189189,75,REVIEW (Medium Risk)
D00671,2023-10-16,rep_14,1.299472546670101,1155.1298701298701,77,Demo,0.38144329896907214,75,REVIEW (Medium Risk)
D03532,2023-10-28,rep_13,1.0969573445916436,82.8923076923077,65,Demo,0.4189189189189189,75,REVIEW (Medium Risk)
D00925,2023-11-21,rep_14,0.6919269404347291,164.34146341463415,41,Demo,0.4189189189189189,75,REVIEW (Medium Risk)
D03398,2023-11-13,rep_6,0.8269370751537006,189.16326530612244,49,Demo,0.38144329896907214,75,REVIEW (Medium Risk)
D00083,2023-10-10,rep_19,1.4007301477093297,538.8795180722891,83,Demo,0.38144329896907214,75,REVIEW (Medium Risk)
D01484,2023-11-13,rep_3,0.8269370751537006,43.6530612244898,49,Demo,0.38144329896907214,75,REVIEW (Medium Risk)
D02410,2023-10-25,rep_11,1.147586145111258,67.70588235294117,68,Demo,0.4189189189189189,75,REVIEW (Medium Risk)
D01213,2023-10-30,rep_12,1.0632048109119008,44.55555555555556,63,Demo,0.38144329896907214,75,REVIEW (Medium Risk)
D01137,2023-11-03,rep_19,0.995699743552415,37.067796610169495,59,Demo,0.38144329896907214,75,REVIEW (Medium Risk)
D02217,2023-10-31,rep_15,1.0463285440720294,271.93548387096774,62,Demo,0.38144329896907214,75,REVIEW (Medium Risk)
D02393,2023-11-21,rep_3,0.6919269404347291,184.390243902439,41,Demo,0.4189189189189189,75,REVIEW (Medium Risk)
D02723,2023-09-24,rep_12,1.6707504171472727,72.23232323232324,99,Proposal,0.4525862068965517,70,REVIEW (Medium Risk)
D00972,2023-09-08,rep_8,1.9407706865852157,193.73043478260868,115,Proposal,0.4691358024691358,70,REVIEW (Medium Risk)
D02856,2023-09-20,rep_9,1.7382554845067584,284.77669902912623,103,Negotiation,0.4691358024691358,70,REVIEW (Medium Risk)
D02931,2023-09-17,rep_8,1.7888842850263726,41.320754716981135,106,Qualified,0.45491803278688525,70,REVIEW (Medium Risk)
D01156,2023-10-02,rep_4,1.535740282428301,50.68131868131868,91,Negotiation,0.527027027027027,70,REVIEW (Medium Risk)
D02738,2023-09-22,rep_13,1.7045029508270155,60.91089108910891,101,Negotiation,0.4691358024691358,70,REVIEW (Medium Risk)
D00984,2023-10-18,rep_17,1.265720012990358,46.693333333333335,75,Demo,0.53,70,REVIEW (Medium Risk)
D03350,2023-10-16,rep_22,1.299472546670101,75.01298701298701,77,Demo,0.53,70,REVIEW (Medium Risk)
D00978,2023-10-18,rep_15,1.265720012990358,130.73333333333332,75,Demo,0.527027027027027,70,REVIEW (Medium Risk)
D04485,2023-10-14,rep_2,1.3332250803498438,90.44303797468355,79,Demo,0.53,70,REVIEW (Medium Risk)
D00652,2023-10-01,rep_10,1.5526165492681725,156.1304347826087,92,Proposal,0.527027027027027,70,REVIEW (Medium Risk)
D03936,2023-09-15,rep_1,1.8226368187061157,96.77777777777777,108,Proposal,0.49230769230769234,70,REVIEW (Medium Risk)
D04287,2023-09-22,rep_16,1.7045029508270155,29.10891089108911,101,Qualified,0.4691358024691358,70,REVIEW (Medium Risk)
D04261,2023-10-04,rep_1,1.5019877487485582,51.41573033707865,89,Closed,0.527027027027027,70,REVIEW (Medium Risk)
D04208,2023-09-23,rep_4,1.687626683987144,54.72,100,Proposal,0.4691358024691358,70,REVIEW (Medium Risk)
D04804,2023-09-21,rep_3,1.721379217666887,66.43137254901961,102,Qualified,0.4525862068965517,70,REVIEW (Medium Risk)
D01696,2023-09-12,rep_8,1.87326561922573,60.414414414414416,111,Negotiation,0.4691358024691358,70,REVIEW (Medium Risk)
D01812,2023-09-28,rep_1,1.603245349787787,141.25263157894736,95,Negotiation,0.45491803278688525,70,REVIEW (Medium Risk)
D01753,2023-10-01,rep_14,1.5526165492681725,357.1304347826087,92,Closed,0.53,70,REVIEW (Medium Risk)
D02421,2023-09-11,rep_22,1.8901418860656014,165.33928571428572,112,Negotiation,0.4525862068965517,70,REVIEW (Medium Risk)
D01637,2023-09-30,rep_13,1.569492816108044,75.59139784946237,93,Proposal,0.4525862068965517,70,REVIEW (Medium Risk)
D01301,2023-09-19,rep_16,1.7551317513466298,30.91346153846154,104,Closed,0.4525862068965517,70,REVIEW (Medium Risk)
D00648,2023-09-12,rep_24,1.87326561922573,90.11711711711712,111,Closed,0.45491803278688525,70,REVIEW (Medium Risk)
D00738,2023-09-22,rep_18,1.7045029508270155,115.62376237623762,101,Negotiation,0.4525862068965517,70,REVIEW (Medium Risk)
D04690,2023-10-05,rep_19,1.4851114819086868,267.5681818181818,88,Demo,0.53,70,REVIEW (Medium Risk)
D04842,2023-10-05,rep_1,1.4851114819086868,154.32954545454547,88,Proposal,0.38144329896907214,65,REVIEW (Medium Risk)
D04400,2023-10-07,rep_18,1.451358948228944,231.0581395348837,86,Qualified,0.38144329896907214,65,REVIEW (Medium Risk)
D00278,2023-10-16,rep_16,1.299472546670101,155.5064935064935,77,Closed,0.38144329896907214,65,REVIEW (Medium Risk)
D01902,2023-10-15,rep_5,1.3163488135099723,171.57692307692307,78,Closed,0.38144329896907214,65,REVIEW (Medium Risk)
D02087,2023-10-07,rep_7,1.451358948228944,177.37209302325581,86,Negotiation,0.4189189189189189,65,REVIEW (Medium Risk)
D03058,2023-10-11,rep_15,1.3838538808694583,75.41463414634147,82,Proposal,0.4189189189189189,65,REVIEW (Medium Risk)
D02660,2023-10-19,rep_15,1.2488437461504867,72.0,74,Negotiation,0.4189189189189189,65,REVIEW (Medium Risk)
D04374,2023-10-11,rep_21,1.3838538808694583,138.96341463414635,82,Closed,0.38144329896907214,65,REVIEW (Medium Risk)
D04300,2023-10-09,rep_18,1.417606414549201,64.73809523809524,84,Qualified,0.38144329896907214,65,REVIEW (Medium Risk)
D04278,2023-10-08,rep_22,1.4344826813890725,155.96470588235294,85,Qualified,0.38144329896907214,65,REVIEW (Medium Risk)
D00308,2023-10-20,rep_3,1.2319674793106152,44.63013698630137,73,Negotiation,0.38144329896907214,65,REVIEW (Medium Risk)
D04745,2023-10-14,rep_4,1.3332250803498438,88.9873417721519,79,Qualified,0.4189189189189189,65,REVIEW (Medium Risk)
D00250,2023-10-05,rep_4,1.4851114819086868,89.64772727272727,88,Negotiation,0.4189189189189189,65,REVIEW (Medium Risk)
D02192,2023-10-18,rep_20,1.265720012990358,47.72,75,Qualified,0.4189189189189189,65,REVIEW (Medium Risk)
D01152,2023-10-19,rep_13,1.2488437461504867,158.66216216216216,74,Qualified,0.38144329896907214,65,REVIEW (Medium Risk)
D01004,2023-10-20,rep_15,1.2319674793106152,66.9041095890411,73,Qualified,0.38144329896907214,65,REVIEW (Medium Risk)
D01291,2023-10-07,rep_14,1.451358948228944,297.6279069767442,86,Proposal,0.4189189189189189,65,REVIEW (Medium Risk)
D01959,2023-10-05,rep_16,1.4851114819086868,349.70454545454544,88,Negotiation,0.38144329896907214,65,REVIEW (Medium Risk)
D00093,2023-11-07,rep_21,0.9281946761929293,960.9090909090909,55,Demo,0.4189189189189189,55,REVIEW (Medium Risk)
D00556,2023-11-24,rep_25,0.6412981399151148,394.60526315789474,38,Demo,0.4189189189189189,55,REVIEW (Medium Risk)
D00590,2023-11-29,rep_11,0.5569168057157575,1439.3333333333333,33,Demo,0.4189189189189189,55,REVIEW (Medium Risk)
D04439,2023-11-17,rep_17,0.7594320077942148,386.84444444444443,45,Demo,0.4189189189189189,55,REVIEW (Medium Risk)
D01481,2023-11-22,rep_13,0.6750506735948576,1401.375,40,Demo,0.4189189189189189,55,REVIEW (Medium Risk)
D03206,2023-11-25,rep_8,0.6244218730752433,536.6756756756756,37,Demo,0.4189189189189189,55,REVIEW (Medium Risk)
D01363,2023-10-25,rep_7,1.147586145111258,855.9117647058823,68,Demo,0.4189189189189189,55,REVIEW (Medium Risk)
D01097,2023-11-23,rep_24,0.6581744067549862,1547.2051282051282,39,Demo,0.4189189189189189,55,REVIEW (Medium Risk)
D03269,2023-11-07,rep_2,0.9281946761929293,1451.4545454545455,55,Demo,0.38144329896907214,55,REVIEW (Medium Risk)
D04082,2023-11-09,rep_22,0.8944421425131863,249.73584905660377,53,Demo,0.527027027027027,50,REVIEW (Medium Risk)
D00768,2023-10-23,rep_14,1.181338678791001,231.25714285714287,70,Demo,0.53,50,REVIEW (Medium Risk)
D01352,2023-09-19,rep_1,1.7551317513466298,527.4038461538462,104,Closed,0.45491803278688525,50,REVIEW (Medium Risk)
D04353,2023-10-24,rep_7,1.1644624119511293,286.0869565217391,69,Demo,0.527027027027027,50,REVIEW (Medium Risk)
D00746,2023-11-23,rep_5,0.6581744067549862,139.69230769230768,39,Demo,0.53,50,REVIEW (Medium Risk)
D00794,2023-11-26,rep_24,0.6075456062353719,174.05555555555554,36,Demo,0.527027027027027,50,REVIEW (Medium Risk)
D04306,2023-10-03,rep_7,1.5188640155884297,466.14444444444445,90,Negotiation,0.53,50,REVIEW (Medium Risk)
D04907,2023-11-13,rep_8,0.8269370751537006,239.69387755102042,49,Demo,0.527027027027027,50,REVIEW (Medium Risk)
D02495,2023-11-15,rep_4,0.7931845414739577,328.06382978723406,47,Demo,0.53,50,REVIEW (Medium Risk)
D01309,2023-11-26,rep_16,0.6075456062353719,184.91666666666666,36,Demo,0.527027027027027,50,REVIEW (Medium Risk)
D02740,2023-10-26,rep_16,1.1307098782713865,221.19402985074626,67,Demo,0.53,50,REVIEW (Medium Risk)
D02671,2023-10-04,rep_7,1.5019877487485582,459.5842696629214,89,Negotiation,0.53,50,REVIEW (Medium Risk)
D02768,2023-10-14,rep_4,1.3332250803498438,1020.5189873417721,79,Demo,0.53,50,REVIEW (Medium Risk)
D02783,2023-11-06,rep_20,0.9450709430328007,191.25,56,Demo,0.53,50,REVIEW (Medium Risk)
D03138,2023-11-16,rep_16,0.7763082746340862,110.34782608695652,46,Demo,0.53,50,REVIEW (Medium Risk)
D03950,2023-11-22,rep_24,0.6750506735948576,348.425,40,Demo,0.527027027027027,50,REVIEW (Medium Risk)
D03591,2023-11-17,rep_3,0.7594320077942148,96.84444444444445,45,Demo,0.527027027027027,50,REVIEW (Medium Risk)
D04612,2023-11-27,rep_5,0.5906693393955005,179.5142857142857,35,Demo,0.527027027027027,50,REVIEW (Medium Risk)
D03630,2023-09-26,rep_5,1.6369978834675298,652.3505154639175,97,Proposal,0.49230769230769234,50,REVIEW (Medium Risk)
D03313,2023-09-30,rep_19,1.569492816108044,626.516129032258,93,Proposal,0.45491803278688525,50,REVIEW (Medium Risk)
D03413,2023-11-05,rep_6,0.9619472098726721,122.73684210526316,57,Demo,0.527027027027027,50,REVIEW (Medium Risk)
D02697,2023-11-09,rep_19,0.8944421425131863,79.90566037735849,53,Demo,0.53,50,REVIEW (Medium Risk)
D03688,2023-11-13,rep_4,0.8269370751537006,147.3469387755102,49,Qualified,0.4189189189189189,45,HEALTHY
D00792,2023-11-12,rep_3,0.843813341993572,90.6,50,Closed,0.4189189189189189,45,HEALTHY
D03592,2023-12-16,rep_9,0.27002026943794305,233.25,16,Proposal,0.38144329896907214,45,HEALTHY
D03792,2023-10-11,rep_22,1.3838538808694583,406.6341463414634,82,Proposal,0.4189189189189189,45,HEALTHY
D03913,2023-12-11,rep_19,0.3544016036373003,333.4761904761905,21,Demo,0.38144329896907214,45,HEALTHY
D03949,2023-12-19,rep_19,0.21939146891832872,254.23076923076923,13,Proposal,0.38144329896907214,45,HEALTHY
D03963,2023-11-22,rep_1,0.6750506735948576,299.35,40,Negotiation,0.38144329896907214,45,HEALTHY
D03962,2023-10-17,rep_10,1.2825962798302295,906.3815789473684,76,Qualified,0.38144329896907214,45,HEALTHY
D03984,2023-11-20,rep_1,0.7088032072746006,66.97619047619048,42,Qualified,0.4189189189189189,45,HEALTHY
D03724,2023-10-15,rep_9,1.3163488135099723,1073.8974358974358,78,Negotiation,0.38144329896907214,45,HEALTHY
D03645,2023-10-09,rep_11,1.417606414549201,612.202380952381,84,Qualified,0.38144329896907214,45,HEALTHY
D03686,2023-11-27,rep_23,0.5906693393955005,131.37142857142857,35,Negotiation,0.4189189189189189,45,HEALTHY
D00215,2023-12-04,rep_17,0.47253547151640035,227.10714285714286,28,Qualified,0.4189189189189189,45,HEALTHY
D04792,2023-11-12,rep_17,0.843813341993572,202.08,50,Negotiation,0.38144329896907214,45,HEALTHY
D04821,2023-11-09,rep_14,0.8944421425131863,288.66037735849056,53,Proposal,0.4189189189189189,45,HEALTHY
D04797,2023-12-15,rep_21,0.2868965362778145,266.0,17,Negotiation,0.4189189189189189,45,HEALTHY
D04772,2023-11-26,rep_7,0.6075456062353719,181.52777777777777,36,Negotiation,0.4189189189189189,45,HEALTHY
D04729,2023-10-22,rep_24,1.1982149456308724,110.2394366197183,71,Proposal,0.38144329896907214,45,HEALTHY
D04789,2023-12-11,rep_21,0.3544016036373003,143.85714285714286,21,Qualified,0.4189189189189189,45,HEALTHY
D00150,2023-11-05,rep_22,0.9619472098726721,77.29824561403508,57,Proposal,0.4189189189189189,45,HEALTHY
D04630,2023-12-05,rep_12,0.45565920467652893,274.74074074074076,27,Demo,0.38144329896907214,45,HEALTHY
D04718,2023-12-11,rep_19,0.3544016036373003,163.23809523809524,21,Demo,0.4189189189189189,45,HEALTHY
D04563,2023-12-05,rep_24,0.45565920467652893,185.33333333333334,27,Closed,0.4189189189189189,45,HEALTHY
D04589,2023-11-29,rep_13,0.5569168057157575,214.5151515151515,33,Closed,0.38144329896907214,45,HEALTHY
D04541,2023-11-04,rep_11,0.9788234767125435,262.7758620689655,58,Proposal,0.38144329896907214,45,HEALTHY
D03873,2023-10-22,rep_20,1.1982149456308724,278.01408450704224,71,Negotiation,0.4189189189189189,45,HEALTHY
D00646,2023-12-04,rep_3,0.47253547151640035,83.75,28,Qualified,0.4189189189189189,45,HEALTHY
D00602,2023-10-26,rep_15,1.1307098782713865,63.82089552238806,67,Closed,0.4189189189189189,45,HEALTHY
D00367,2023-10-26,rep_1,1.1307098782713865,221.47761194029852,67,Negotiation,0.4189189189189189,45,HEALTHY
D04196,2023-11-08,rep_18,0.9113184093530579,326.6666666666667,54,Qualified,0.38144329896907214,45,HEALTHY
D04074,2023-12-26,rep_3,0.10125760103922865,342.5,6,Demo,0.4189189189189189,45,HEALTHY
D04352,2023-10-30,rep_19,1.0632048109119008,51.74603174603175,63,Closed,0.4189189189189189,45,HEALTHY
D04486,2023-12-16,rep_4,0.27002026943794305,340.0,16,Demo,0.4189189189189189,45,HEALTHY
D04536,2023-11-08,rep_18,0.9113184093530579,277.9259259259259,54,Proposal,0.38144329896907214,45,HEALTHY
D04457,2023-11-06,rep_21,0.9450709430328007,239.17857142857142,56,Proposal,0.38144329896907214,45,HEALTHY
D04414,2023-11-26,rep_21,0.6075456062353719,218.47222222222223,36,Closed,0.38144329896907214,45,HEALTHY
D04020,2023-11-22,rep_7,0.6750506735948576,197.325,40,Closed,0.38144329896907214,45,HEALTHY
D04053,2023-11-10,rep_23,0.8775658756733149,105.59615384615384,52,Proposal,0.38144329896907214,45,HEALTHY
D00588,2023-11-14,rep_13,0.8100608083138292,51.020833333333336,48,Qualified,0.38144329896907214,45,HEALTHY
D04069,2023-12-16,rep_9,0.27002026943794305,293.1875,16,Closed,0.38144329896907214,45,HEALTHY
D00525,2023-11-12,rep_19,0.843813341993572,72.46,50,Negotiation,0.4189189189189189,45,HEALTHY
D00338,2023-11-17,rep_13,0.7594320077942148,170.6888888888889,45,Qualified,0.38144329896907214,45,HEALTHY
D00290,2023-11-11,rep_16,0.8606896088334435,251.66666666666666,51,Closed,0.4189189189189189,45,HEALTHY
D00288,2023-11-27,rep_2,0.5906693393955005,78.65714285714286,35,Negotiation,0.4189189189189189,45,HEALTHY
D00789,2023-11-29,rep_16,0.5569168057157575,350.90909090909093,33,Closed,0.38144329896907214,45,HEALTHY
D02560,2023-11-02,rep_5,1.0125760103922865,300.95,60,Proposal,0.38144329896907214,45,HEALTHY
D02531,2023-12-17,rep_12,0.2531440025980716,289.06666666666666,15,Closed,0.4189189189189189,45,HEALTHY
D01173,2023-12-13,rep_14,0.3206490699575574,365.4736842105263,19,Negotiation,0.38144329896907214,45,HEALTHY
D02634,2023-11-22,rep_18,0.6750506735948576,69.2,40,Proposal,0.38144329896907214,45,HEALTHY
D01289,2023-11-14,rep_11,0.8100608083138292,55.291666666666664,48,Qualified,0.38144329896907214,45,HEALTHY
D01160,2023-11-17,rep_16,0.7594320077942148,355.2888888888889,45,Closed,0.38144329896907214,45,HEALTHY
D01115,2023-12-02,rep_17,0.5062880051961433,70.0,30,Closed,0.4189189189189189,45,HEALTHY
D03017,2023-12-03,rep_11,0.4894117383562718,189.31034482758622,29,Qualified,0.4189189189189189,45,HEALTHY
D03008,2023-11-23,rep_14,0.6581744067549862,111.25641025641026,39,Proposal,0.4189189189189189,45,HEALTHY
D02995,2023-12-13,rep_20,0.3206490699575574,265.7368421052632,19,Qualified,0.4189189189189189,45,HEALTHY
D03011,2023-10-31,rep_8,1.0463285440720294,261.80645161290323,62,Proposal,0.4189189189189189,45,HEALTHY
D00951,2023-12-16,rep_16,0.27002026943794305,288.875,16,Negotiation,0.38144329896907214,45,HEALTHY
D03032,2023-10-25,rep_10,1.147586145111258,36.5735294117647,68,Qualified,0.38144329896907214,45,HEALTHY
D03010,2023-12-04,rep_18,0.47253547151640035,172.28571428571428,28,Negotiation,0.38144329896907214,45,HEALTHY
D03517,2023-10-20,rep_17,1.2319674793106152,1111.9178082191781,73,Qualified,0.4189189189189189,45,HEALTHY
D03310,2023-12-16,rep_22,0.27002026943794305,207.625,16,Negotiation,0.38144329896907214,45,HEALTHY
D03338,2023-12-09,rep_12,0.3881541373170431,161.1304347826087,23,Demo,0.38144329896907214,45,HEALTHY
D00854,2023-11-07,rep_12,0.9281946761929293,136.8181818181818,55,Qualified,0.4189189189189189,45,HEALTHY
D00827,2023-11-20,rep_5,0.7088032072746006,104.45238095238095,42,Proposal,0.38144329896907214,45,HEALTHY
D03500,2023-12-03,rep_19,0.4894117383562718,191.13793103448276,29,Demo,0.38144329896907214,45,HEALTHY
D03370,2023-11-21,rep_14,0.6919269404347291,348.0487804878049,41,Proposal,0.38144329896907214,45,HEALTHY
D03358,2023-11-27,rep_16,0.5906693393955005,217.6,35,Negotiation,0.4189189189189189,45,HEALTHY
D03356,2023-10-31,rep_5,1.0463285440720294,252.70967741935485,62,Proposal,0.38144329896907214,45,HEALTHY
D03145,2023-11-27,rep_7,0.5906693393955005,244.2,35,Closed,0.38144329896907214,45,HEALTHY
D03142,2023-10-14,rep_3,1.3332250803498438,753.4303797468355,79,Closed,0.38144329896907214,45,HEALTHY
D03210,2023-10-18,rep_11,1.265720012990358,919.44,75,Qualified,0.4189189189189189,45,HEALTHY
D03203,2023-11-06,rep_3,0.9450709430328007,53.875,56,Qualified,0.4189189189189189,45,HEALTHY
D03023,2023-11-17,rep_4,0.7594320077942148,51.022222222222226,45,Closed,0.4189189189189189,45,HEALTHY
D00998,2023-10-29,rep_24,1.0800810777517722,110.28125,64,Qualified,0.38144329896907214,45,HEALTHY
D03052,2023-12-15,rep_2,0.2868965362778145,349.7647058823529,17,Proposal,0.4189189189189189,45,HEALTHY
D01306,2023-11-17,rep_15,0.7594320077942148,152.53333333333333,45,Proposal,0.4189189189189189,45,HEALTHY
D02080,2023-11-29,rep_14,0.5569168057157575,156.1818181818182,33,Proposal,0.38144329896907214,45,HEALTHY
D02063,2023-12-17,rep_10,0.2531440025980716,163.26666666666668,15,Negotiation,0.38144329896907214,45,HEALTHY
D02234,2023-11-04,rep_13,0.9788234767125435,128.05172413793105,58,Closed,0.38144329896907214,45,HEALTHY
D02224,2023-11-08,rep_16,0.9113184093530579,73.83333333333333,54,Negotiation,0.4189189189189189,45,HEALTHY
D02278,2023-10-30,rep_12,1.0632048109119008,269.06349206349205,63,Qualified,0.4189189189189189,45,HEALTHY
D01339,2023-12-14,rep_23,0.30377280311768595,338.6111111111111,18,Proposal,0.38144329896907214,45,HEALTHY
D01315,2023-10-26,rep_6,1.1307098782713865,139.1044776119403,67,Closed,0.38144329896907214,45,HEALTHY
D02462,2023-11-28,rep_5,0.573793072555629,103.17647058823529,34,Proposal,0.38144329896907214,45,HEALTHY
D02395,2023-12-09,rep_13,0.3881541373170431,100.95652173913044,23,Closed,0.4189189189189189,45,HEALTHY
D02518,2023-12-06,rep_23,0.43878293783665745,304.7692307692308,26,Proposal,0.4189189189189189,45,HEALTHY
D02482,2023-11-02,rep_4,1.0125760103922865,83.36666666666666,60,Negotiation,0.4189189189189189,45,HEALTHY
D02347,2023-11-03,rep_25,0.995699743552415,86.66101694915254,59,Negotiation,0.4189189189189189,45,HEALTHY
D01348,2023-11-22,rep_23,0.6750506735948576,213.725,40,Closed,0.38144329896907214,45,HEALTHY
D01921,2023-12-09,rep_5,0.3881541373170431,135.1304347826087,23,Proposal,0.4189189189189189,45,HEALTHY
D01408,2023-12-08,rep_19,0.4050304041569146,139.70833333333334,24,Qualified,0.38144329896907214,45,HEALTHY
D01396,2023-12-05,rep_25,0.45565920467652893,293.2962962962963,27,Demo,0.4189189189189189,45,HEALTHY
D01526,2023-11-25,rep_9,0.6244218730752433,65.1891891891892,37,Proposal,0.4189189189189189,45,HEALTHY
D01583,2023-11-06,rep_6,0.9450709430328007,120.875,56,Closed,0.38144329896907214,45,HEALTHY
D01911,2023-11-27,rep_2,0.5906693393955005,85.51428571428572,35,Closed,0.38144329896907214,45,HEALTHY
D01817,2023-10-19,rep_21,1.2488437461504867,541.2432432432432,74,Qualified,0.38144329896907214,45,HEALTHY
D01979,2023-12-06,rep_14,0.43878293783665745,278.2692307692308,26,Qualified,0.4189189189189189,45,HEALTHY
D01993,2023-11-03,rep_14,0.995699743552415,265.52542372881356,59,Qualified,0.4189189189189189,45,HEALTHY
D01947,2023-10-27,rep_19,1.113833611431515,77.74242424242425,66,Qualified,0.38144329896907214,45,HEALTHY
D01740,2023-12-02,rep_19,0.5062880051961433,326.56666666666666,30,Proposal,0.38144329896907214,45,HEALTHY
D04903,2023-11-14,rep_22,0.8100608083138292,89.79166666666667,48,Proposal,0.4189189189189189,45,HEALTHY
D04956,2023-11-04,rep_19,0.9788234767125435,334.5,58,Negotiation,0.38144329896907214,45,HEALTHY
D01630,2023-10-24,rep_19,1.1644624119511293,273.7391304347826,69,Qualified,0.38144329896907214,45,HEALTHY
D01750,2023-11-06,rep_10,0.9450709430328007,308.89285714285717,56,Qualified,0.4189189189189189,45,HEALTHY
D04881,2023-11-15,rep_19,0.7931845414739577,300.4468085106383,47,Negotiation,0.38144329896907214,45,HEALTHY
D00078,2023-11-15,rep_5,0.7931845414739577,188.19148936170214,47,Closed,0.4189189189189189,45,HEALTHY
D00069,2023-11-09,rep_6,0.8944421425131863,344.3018867924528,53,Qualified,0.38144329896907214,45,HEALTHY
D00068,2023-11-07,rep_10,0.9281946761929293,301.1090909090909,55,Negotiation,0.38144329896907214,45,HEALTHY
D04151,2023-10-20,rep_9,1.2319674793106152,201.3972602739726,73,Qualified,0.527027027027027,40,HEALTHY
D04379,2023-10-12,rep_24,1.3669776140295866,126.34567901234568,81,Qualified,0.53,40,HEALTHY
D00286,2023-10-12,rep_1,1.3669776140295866,34.25925925925926,81,Qualified,0.527027027027027,40,HEALTHY
D01942,2023-10-08,rep_10,1.4344826813890725,185.47058823529412,85,Proposal,0.527027027027027,40,HEALTHY
D00236,2023-10-16,rep_4,1.299472546670101,68.48051948051948,77,Qualified,0.527027027027027,40,HEALTHY
D03276,2023-10-14,rep_24,1.3332250803498438,243.69620253164558,79,Proposal,0.53,40,HEALTHY
D03282,2023-10-16,rep_15,1.299472546670101,34.714285714285715,77,Closed,0.527027027027027,40,HEALTHY
D00181,2023-10-21,rep_10,1.2150912124707438,189.63888888888889,72,Qualified,0.53,40,HEALTHY
D04837,2023-10-13,rep_6,1.3501013471897152,84.0125,80,Qualified,0.53,40,HEALTHY
D02977,2023-10-20,rep_5,1.2319674793106152,170.84931506849315,73,Closed,0.53,40,HEALTHY
D00219,2023-10-17,rep_16,1.2825962798302295,83.23684210526316,76,Closed,0.53,40,HEALTHY
D03684,2023-10-05,rep_15,1.4851114819086868,250.8181818181818,88,Proposal,0.53,40,HEALTHY
D01266,2023-10-10,rep_1,1.4007301477093297,62.024096385542165,83,Negotiation,0.527027027027027,40,HEALTHY
D00800,2023-10-11,rep_13,1.3838538808694583,190.1951219512195,82,Proposal,0.53,40,HEALTHY
D02535,2023-10-20,rep_24,1.2319674793106152,201.3835616438356,73,Proposal,0.53,40,HEALTHY
D00115,2023-10-17,rep_7,1.2825962798302295,41.60526315789474,76,Closed,0.53,40,HEALTHY
D00887,2023-10-05,rep_25,1.4851114819086868,88.57954545454545,88,Negotiation,0.53,40,HEALTHY
D03431,2023-10-14,rep_22,1.3332250803498438,236.15189873417722,79,Proposal,0.527027027027027,40,HEALTHY
D01209,2023-11-17,rep_17,0.7594320077942148,436.1777777777778,45,Demo,0.53,30,HEALTHY
D02170,2023-11-15,rep_2,0.7931845414739577,1368.531914893617,47,Demo,0.527027027027027,30,HEALTHY
D01676,2023-11-27,rep_6,0.5906693393955005,1159.8,35,Demo,0.527027027027027,30,HEALTHY
D04511,2023-11-30,rep_13,0.5400405388758861,2871.03125,32,Demo,0.53,30,HEALTHY
D01571,2023-11-26,rep_12,0.6075456062353719,1889.1666666666667,36,Demo,0.527027027027027,30,HEALTHY
D04016,2023-11-03,rep_2,0.995699743552415,1591.4406779661017,59,Demo,0.53,30,HEALTHY
D00573,2023-11-18,rep_7,0.7425557409543434,468.15909090909093,44,Demo,0.53,30,HEALTHY
D00198,2023-12-01,rep_24,0.5231642720360147,2307.032258064516,31,Demo,0.53,30,HEALTHY
D00930,2023-11-21,rep_8,0.6919269404347291,461.9268292682927,41,Demo,0.527027027027027,30,HEALTHY
D03399,2023-11-14,rep_20,0.8100608083138292,1266.9791666666667,48,Demo,0.53,30,HEALTHY
D04850,2023-11-04,rep_23,0.9788234767125435,1705.7586206896551,58,Demo,0.527027027027027,30,HEALTHY
D02684,2023-10-22,rep_19,1.1982149456308724,910.2112676056338,71,Demo,0.53,30,HEALTHY
D01273,2023-10-28,rep_15,1.0969573445916436,1487.1076923076923,65,Demo,0.53,30,HEALTHY
D01800,2023-10-29,rep_15,1.0800810777517722,1186.21875,64,Demo,0.53,30,HEALTHY
D04607,2023-11-27,rep_13,0.5906693393955005,524.7714285714286,35,Closed,0.38144329896907214,25,HEALTHY
D01646,2023-12-24,rep_13,0.13501013471897153,2125.375,8,Closed,0.38144329896907214,25,HEALTHY
D01663,2023-12-13,rep_11,0.3206490699575574,3020.1052631578946,19,Negotiation,0.38144329896907214,25,HEALTHY
D01666,2023-12-17,rep_2,0.2531440025980716,1443.5333333333333,15,Closed,0.38144329896907214,25,HEALTHY
D01511,2023-11-07,rep_10,0.9281946761929293,1747.8545454545454,55,Qualified,0.4189189189189189,25,HEALTHY
D04653,2023-12-13,rep_12,0.3206490699575574,1863.9473684210527,19,Negotiation,0.4189189189189189,25,HEALTHY
D00341,2023-12-31,rep_2,0.01687626683987144,53526.0,1,Closed,0.38144329896907214,25,HEALTHY
D04586,2023-11-25,rep_17,0.6244218730752433,773.2702702702703,37,Qualified,0.38144329896907214,25,HEALTHY
D00483,2023-12-06,rep_8,0.43878293783665745,375.65384615384613,26,Negotiation,0.4189189189189189,25,HEALTHY
D01400,2023-11-20,rep_20,0.7088032072746006,2316.7380952380954,42,Proposal,0.4189189189189189,25,HEALTHY
D02015,2023-12-21,rep_16,0.18563893523858585,1051.7272727272727,11,Closed,0.38144329896907214,25,HEALTHY
D02014,2023-12-16,rep_24,0.27002026943794305,1223.3125,16,Demo,0.4189189189189189,25,HEALTHY
D02012,2023-12-10,rep_25,0.3712778704771717,782.6363636363636,22,Proposal,0.4189189189189189,25,HEALTHY
D00295,2023-12-27,rep_16,0.0843813341993572,7725.0,5,Demo,0.4189189189189189,25,HEALTHY
D04550,2023-12-11,rep_22,0.3544016036373003,803.0,21,Proposal,0.4189189189189189,25,HEALTHY
D01990,2023-11-19,rep_9,0.725679474114472,620.3488372093024,43,Closed,0.4189189189189189,25,HEALTHY
D01992,2023-12-28,rep_17,0.06750506735948576,22317.25,4,Negotiation,0.4189189189189189,25,HEALTHY
D01885,2023-12-26,rep_13,0.10125760103922865,3405.8333333333335,6,Demo,0.38144329896907214,25,HEALTHY
D01969,2023-12-18,rep_1,0.23626773575820018,778.1428571428571,14,Closed,0.38144329896907214,25,HEALTHY
D01876,2023-12-14,rep_12,0.30377280311768595,1852.5555555555557,18,Closed,0.4189189189189189,25,HEALTHY
D01854,2023-12-28,rep_7,0.06750506735948576,10285.25,4,Proposal,0.38144329896907214,25,HEALTHY
D02125,2023-12-30,rep_11,0.03375253367974288,9379.0,2,Closed,0.38144329896907214,25,HEALTHY
D01879,2023-12-19,rep_20,0.21939146891832872,987.9230769230769,13,Demo,0.4189189189189189,25,HEALTHY
D04533,2023-12-31,rep_21,0.01687626683987144,15306.0,1,Negotiation,0.38144329896907214,25,HEALTHY
D04498,2023-11-16,rep_22,0.7763082746340862,641.3695652173913,46,Proposal,0.38144329896907214,25,HEALTHY
D04474,2023-12-08,rep_11,0.4050304041569146,476.3333333333333,24,Proposal,0.4189189189189189,25,HEALTHY
D04488,2023-11-14,rep_25,0.8100608083138292,771.7916666666666,48,Qualified,0.4189189189189189,25,HEALTHY
D04440,2023-11-05,rep_13,0.9619472098726721,1027.421052631579,57,Closed,0.4189189189189189,25,HEALTHY
D04415,2023-12-14,rep_6,0.30377280311768595,4140.944444444444,18,Closed,0.38144329896907214,25,HEALTHY
D00325,2023-12-13,rep_16,0.3206490699575574,1190.9473684210527,19,Qualified,0.38144329896907214,25,HEALTHY
D04580,2023-10-29,rep_9,1.0800810777517722,1406.65625,64,Qualified,0.4189189189189189,25,HEALTHY
D01594,2023-12-05,rep_2,0.45565920467652893,1701.6666666666667,27,Demo,0.4189189189189189,25,HEALTHY
D01618,2023-11-28,rep_21,0.573793072555629,2924.794117647059,34,Negotiation,0.4189189189189189,25,HEALTHY
D04402,2023-10-26,rep_25,1.1307098782713865,444.0,67,Qualified,0.38144329896907214,25,HEALTHY
D01587,2023-12-21,rep_8,0.18563893523858585,1721.1818181818182,11,Demo,0.38144329896907214,25,HEALTHY
D04388,2023-11-18,rep_3,0.7425557409543434,427.20454545454544,44,Closed,0.38144329896907214,25,HEALTHY
D04347,2023-12-09,rep_18,0.3881541373170431,2369.695652173913,23,Proposal,0.38144329896907214,25,HEALTHY
D04335,2023-12-25,rep_17,0.11813386787910009,8607.857142857143,7,Proposal,0.38144329896907214,25,HEALTHY
D00500,2023-12-28,rep_20,0.06750506735948576,17585.75,4,Closed,0.4189189189189189,25,HEALTHY
D00489,2023-12-02,rep_6,0.5062880051961433,3101.7,30,Qualified,0.38144329896907214,25,HEALTHY
D04694,2023-12-22,rep_6,0.1687626683987144,1646.7,10,Proposal,0.4189189189189189,25,HEALTHY
D04865,2023-12-26,rep_21,0.10125760103922865,1060.6666666666667,6,Proposal,0.4189189189189189,25,HEALTHY
D04992,2023-12-30,rep_5,0.03375253367974288,1364.5,2,Demo,0.4189189189189189,25,HEALTHY
D04863,2023-11-01,rep_15,1.029452277232158,451.44262295081967,61,Negotiation,0.4189189189189189,25,HEALTHY
D04790,2023-12-05,rep_22,0.45565920467652893,584.8888888888889,27,Demo,0.38144329896907214,25,HEALTHY
D04731,2023-12-11,rep_16,0.3544016036373003,4213.523809523809,21,Negotiation,0.38144329896907214,25,HEALTHY
D00031,2023-12-20,rep_5,0.2025152020784573,418.6666666666667,12,Negotiation,0.38144329896907214,25,HEALTHY
D02210,2023-11-28,rep_13,0.573793072555629,1978.3235294117646,34,Closed,0.4189189189189189,25,HEALTHY
D02300,2023-12-05,rep_6,0.45565920467652893,628.7407407407408,27,Proposal,0.4189189189189189,25,HEALTHY
D01304,2023-11-02,rep_8,1.0125760103922865,1476.9333333333334,60,Proposal,0.38144329896907214,25,HEALTHY
D04066,2023-12-10,rep_14,0.3712778704771717,855.6363636363636,22,Closed,0.38144329896907214,25,HEALTHY
D04092,2023-12-02,rep_23,0.5062880051961433,600.7333333333333,30,Negotiation,0.4189189189189189,25,HEALTHY
D04104,2023-12-17,rep_2,0.2531440025980716,787.7333333333333,15,Demo,0.4189189189189189,25,HEALTHY
D04146,2023-12-23,rep_11,0.15188640155884298,4013.777777777778,9,Qualified,0.4189189189189189,25,HEALTHY
D04159,2023-11-23,rep_8,0.6581744067549862,2269.4615384615386,39,Proposal,0.38144329896907214,25,HEALTHY
D04234,2023-12-09,rep_23,0.3881541373170431,826.2173913043479,23,Negotiation,0.38144329896907214,25,HEALTHY
D04178,2023-12-27,rep_23,0.0843813341993572,12698.4,5,Qualified,0.38144329896907214,25,HEALTHY
D04180,2023-12-12,rep_12,0.3375253367974288,1561.1,20,Proposal,0.4189189189189189,25,HEALTHY
D04207,2023-12-12,rep_20,0.3375253367974288,847.2,20,Closed,0.38144329896907214,25,HEALTHY
D04274,2023-12-03,rep_20,0.4894117383562718,1887.551724137931,29,Qualified,0.4189189189189189,25,HEALTHY
D04240,2023-12-15,rep_5,0.2868965362778145,3845.6470588235293,17,Negotiation,0.4189189189189189,25,HEALTHY
D04296,2023-12-24,rep_20,0.13501013471897153,2325.375,8,Demo,0.4189189189189189,25,HEALTHY
D00366,2023-12-30,rep_23,0.03375253367974288,45552.5,2,Proposal,0.4189189189189189,25,HEALTHY
D02096,2023-11-30,rep_3,0.5400405388758861,1206.28125,32,Closed,0.4189189189189189,25,HEALTHY
D00386,2023-11-27,rep_7,0.5906693393955005,1398.2571428571428,35,Proposal,0.38144329896907214,25,HEALTHY
D00409,2023-10-23,rep_14,1.181338678791001,670.3428571428572,70,Proposal,0.4189189189189189,25,HEALTHY
D00410,2023-11-30,rep_9,0.5400405388758861,466.84375,32,Closed,0.4189189189189189,25,HEALTHY
D01447,2023-12-17,rep_21,0.2531440025980716,2317.3333333333335,15,Qualified,0.38144329896907214,25,HEALTHY
D01466,2023-12-05,rep_12,0.45565920467652893,1312.962962962963,27,Demo,0.38144329896907214,25,HEALTHY
D01478,2023-12-11,rep_6,0.3544016036373003,884.6190476190476,21,Proposal,0.4189189189189189,25,HEALTHY
D02082,2023-12-07,rep_6,0.421906670996786,1430.4,25,Demo,0.4189189189189189,25,HEALTHY
D03877,2023-11-22,rep_9,0.6750506735948576,482.825,40,Negotiation,0.38144329896907214,25,HEALTHY
D03893,2023-11-26,rep_19,0.6075456062353719,403.02777777777777,36,Proposal,0.38144329896907214,25,HEALTHY
D00534,2023-12-15,rep_3,0.2868965362778145,1125.4705882352941,17,Proposal,0.4189189189189189,25,HEALTHY
D00572,2023-11-24,rep_20,0.6412981399151148,1128.3684210526317,38,Qualified,0.38144329896907214,25,HEALTHY
D00575,2023-12-17,rep_2,0.2531440025980716,392.4,15,Qualified,0.4189189189189189,25,HEALTHY
D04000,2023-12-06,rep_15,0.43878293783665745,518.1923076923077,26,Negotiation,0.38144329896907214,25,HEALTHY
D04007,2023-10-27,rep_1,1.113833611431515,375.030303030303,66,Qualified,0.4189189189189189,25,HEALTHY
D04058,2023-12-12,rep_19,0.3375253367974288,633.5,20,Qualified,0.38144329896907214,25,HEALTHY
D02493,2023-12-23,rep_24,0.15188640155884298,749.4444444444445,9,Proposal,0.38144329896907214,25,HEALTHY
D02504,2023-12-31,rep_19,0.01687626683987144,7439.0,1,Demo,0.4189189189189189,25,HEALTHY
D02551,2023-12-22,rep_2,0.1687626683987144,6505.3,10,Closed,0.38144329896907214,25,HEALTHY
D01204,2023-12-29,rep_25,0.050628800519614325,1236.6666666666667,3,Qualified,0.4189189189189189,25,HEALTHY
D03825,2023-12-16,rep_18,0.27002026943794305,3850.75,16,Qualified,0.38144329896907214,25,HEALTHY
D03644,2023-12-21,rep_23,0.18563893523858585,1140.6363636363637,11,Demo,0.4189189189189189,25,HEALTHY
D03711,2023-11-18,rep_13,0.7425557409543434,2184.5227272727275,44,Closed,0.38144329896907214,25,HEALTHY
D03638,2023-12-19,rep_15,0.21939146891832872,1408.1538461538462,13,Negotiation,0.4189189189189189,25,HEALTHY
D03626,2023-12-13,rep_2,0.3206490699575574,4261.789473684211,19,Demo,0.4189189189189189,25,HEALTHY
D03636,2023-12-16,rep_15,0.27002026943794305,860.5625,16,Qualified,0.4189189189189189,25,HEALTHY
D02604,2023-12-22,rep_15,0.1687626683987144,1366.5,10,Closed,0.38144329896907214,25,HEALTHY
D02677,2023-11-29,rep_15,0.5569168057157575,418.90909090909093,33,Closed,0.38144329896907214,25,HEALTHY
D02561,2023-11-13,rep_21,0.8269370751537006,688.0612244897959,49,Negotiation,0.38144329896907214,25,HEALTHY
D01233,2023-12-23,rep_6,0.15188640155884298,1222.0,9,Proposal,0.38144329896907214,25,HEALTHY
D03572,2023-12-13,rep_22,0.3206490699575574,821.1052631578947,19,Qualified,0.4189189189189189,25,HEALTHY
D03733,2023-12-02,rep_18,0.5062880051961433,1161.3666666666666,30,Closed,0.4189189189189189,25,HEALTHY
D03544,2023-10-30,rep_16,1.0632048109119008,1461.2222222222222,63,Closed,0.4189189189189189,25,HEALTHY
D00818,2023-12-31,rep_16,0.01687626683987144,6684.0,1,Demo,0.4189189189189189,25,HEALTHY
D00703,2023-12-25,rep_21,0.11813386787910009,11136.0,7,Proposal,0.38144329896907214,25,HEALTHY
D00642,2023-10-23,rep_19,1.181338678791001,1283.2,70,Negotiation,0.4189189189189189,25,HEALTHY
D03867,2023-12-15,rep_3,0.2868965362778145,436.88235294117646,17,Demo,0.4189189189189189,25,HEALTHY
D03862,2023-12-10,rep_10,0.3712778704771717,489.5,22,Proposal,0.38144329896907214,25,HEALTHY
D00625,2023-12-12,rep_4,0.3375253367974288,4425.3,20,Qualified,0.38144329896907214,25,HEALTHY
D00624,2023-12-18,rep_3,0.23626773575820018,1048.0,14,Demo,0.38144329896907214,25,HEALTHY
D03841,2023-11-15,rep_24,0.7931845414739577,1174.7659574468084,47,Qualified,0.38144329896907214,25,HEALTHY
D03857,2023-12-27,rep_19,0.0843813341993572,3957.6,5,Demo,0.38144329896907214,25,HEALTHY
D01207,2023-12-11,rep_17,0.3544016036373003,1684.4285714285713,21,Proposal,0.4189189189189189,25,HEALTHY
D02377,2023-11-06,rep_7,0.9450709430328007,712.0178571428571,56,Proposal,0.4189189189189189,25,HEALTHY
D01362,2023-11-03,rep_7,0.995699743552415,648.3898305084746,59,Proposal,0.4189189189189189,25,HEALTHY
D00505,2023-12-01,rep_11,0.5231642720360147,3089.3870967741937,31,Proposal,0.4189189189189189,25,HEALTHY
D00579,2023-10-27,rep_6,1.113833611431515,732.3181818181819,66,Negotiation,0.4189189189189189,25,HEALTHY
D04032,2023-11-07,rep_24,0.9281946761929293,1510.5454545454545,55,Closed,0.4189189189189189,25,HEALTHY
D02810,2023-12-25,rep_20,0.11813386787910009,2089.714285714286,7,Demo,0.38144329896907214,25,HEALTHY
D02818,2023-12-30,rep_9,0.03375253367974288,10508.5,2,Demo,0.38144329896907214,25,HEALTHY
D03444,2023-12-25,rep_1,0.11813386787910009,5916.857142857143,7,Proposal,0.4189189189189189,25,HEALTHY
D03445,2023-12-07,rep_18,0.421906670996786,666.36,25,Proposal,0.4189189189189189,25,HEALTHY
D03477,2023-12-16,rep_18,0.27002026943794305,969.75,16,Proposal,0.38144329896907214,25,HEALTHY
D03486,2023-12-04,rep_3,0.47253547151640035,1193.6785714285713,28,Closed,0.38144329896907214,25,HEALTHY
D03505,2023-12-25,rep_8,0.11813386787910009,1723.7142857142858,7,Qualified,0.4189189189189189,25,HEALTHY
D03524,2023-12-30,rep_20,0.03375253367974288,8116.5,2,Negotiation,0.4189189189189189,25,HEALTHY
D03539,2023-12-28,rep_1,0.06750506735948576,585.0,4,Demo,0.38144329896907214,25,HEALTHY
D00710,2023-12-13,rep_16,0.3206490699575574,868.5263157894736,19,Closed,0.4189189189189189,25,HEALTHY
D00743,2023-11-09,rep_10,0.8944421425131863,515.3207547169811,53,Qualified,0.4189189189189189,25,HEALTHY
D00778,2023-11-18,rep_25,0.7425557409543434,441.72727272727275,44,Negotiation,0.38144329896907214,25,HEALTHY
D00784,2023-12-12,rep_13,0.3375253367974288,4426.7,20,Qualified,0.38144329896907214,25,HEALTHY
D00805,2023-12-15,rep_25,0.2868965362778145,407.7647058823529,17,Qualified,0.38144329896907214,25,HEALTHY
D02743,2023-12-23,rep_4,0.15188640155884298,568.6666666666666,9,Proposal,0.4189189189189189,25,HEALTHY
D02784,2023-12-17,rep_14,0.2531440025980716,5083.733333333334,15,Closed,0.38144329896907214,25,HEALTHY
D02824,2023-11-12,rep_15,0.843813341993572,374.12,50,Proposal,0.38144329896907214,25,HEALTHY
D02835,2023-12-30,rep_2,0.03375253367974288,2411.5,2,Demo,0.4189189189189189,25,HEALTHY
D02866,2023-12-27,rep_20,0.0843813341993572,4313.2,5,Demo,0.4189189189189189,25,HEALTHY
D02915,2023-12-19,rep_10,0.21939146891832872,1510.2307692307693,13,Qualified,0.38144329896907214,25,HEALTHY
D03352,2023-11-29,rep_19,0.5569168057157575,389.72727272727275,33,Closed,0.4189189189189189,25,HEALTHY
D03353,2023-12-18,rep_25,0.23626773575820018,1086.5,14,Negotiation,0.4189189189189189,25,HEALTHY
D00929,2023-12-26,rep_20,0.10125760103922865,468.6666666666667,6,Qualified,0.38144329896907214,25,HEALTHY
D02763,2023-11-13,rep_12,0.8269370751537006,1437.265306122449,49,Negotiation,0.38144329896907214,25,HEALTHY
D01118,2023-12-29,rep_15,0.050628800519614325,6022.666666666667,3,Qualified,0.4189189189189189,25,HEALTHY
D01095,2023-12-19,rep_12,0.21939146891832872,619.3846153846154,13,Closed,0.38144329896907214,25,HEALTHY
D02925,2023-12-21,rep_16,0.18563893523858585,500.1818181818182,11,Demo,0.38144329896907214,25,HEALTHY
D01090,2023-11-25,rep_19,0.6244218730752433,528.0540540540541,37,Qualified,0.4189189189189189,25,HEALTHY
D02719,2023-12-29,rep_2,0.050628800519614325,5547.0,3,Closed,0.4189189189189189,25,HEALTHY
D02716,2023-12-21,rep_2,0.18563893523858585,558.0,11,Qualified,0.38144329896907214,25,HEALTHY
D01123,2023-11-08,rep_11,0.9113184093530579,1614.648148148148,54,Qualified,0.38144329896907214,25,HEALTHY
D02731,2023-12-07,rep_21,0.421906670996786,456.8,25,Negotiation,0.4189189189189189,25,HEALTHY
D00875,2023-12-23,rep_16,0.15188640155884298,4992.0,9,Negotiation,0.4189189189189189,25,HEALTHY
D00885,2023-11-27,rep_13,0.5906693393955005,615.5714285714286,35,Qualified,0.38144329896907214,25,HEALTHY
D01125,2023-12-22,rep_24,0.1687626683987144,1574.8,10,Proposal,0.38144329896907214,25,HEALTHY
D01136,2023-12-16,rep_21,0.27002026943794305,928.125,16,Demo,0.38144329896907214,25,HEALTHY
D01140,2023-12-17,rep_20,0.2531440025980716,5365.133333333333,15,Qualified,0.4189189189189189,25,HEALTHY
D02941,2023-12-18,rep_7,0.23626773575820018,892.4285714285714,14,Qualified,0.4189189189189189,25,HEALTHY
D02951,2023-11-20,rep_14,0.7088032072746006,1581.4761904761904,42,Negotiation,0.38144329896907214,25,HEALTHY
D02991,2023-12-01,rep_24,0.5231642720360147,631.1935483870968,31,Proposal,0.4189189189189189,25,HEALTHY
D03410,2023-12-15,rep_14,0.2868965362778145,443.29411764705884,17,Closed,0.38144329896907214,25,HEALTHY
D03064,2023-12-16,rep_6,0.27002026943794305,3516.125,16,Negotiation,0.4189189189189189,25,HEALTHY
D03330,2023-11-30,rep_13,0.5400405388758861,813.34375,32,Proposal,0.4189189189189189,25,HEALTHY
D00840,2023-12-22,rep_23,0.1687626683987144,9054.4,10,Demo,0.38144329896907214,25,HEALTHY
D03278,2023-11-26,rep_15,0.6075456062353719,669.4444444444445,36,Qualified,0.38144329896907214,25,HEALTHY
D03233,2023-12-26,rep_12,0.10125760103922865,2735.5,6,Negotiation,0.38144329896907214,25,HEALTHY
D03111,2023-12-25,rep_1,0.11813386787910009,10557.142857142857,7,Negotiation,0.38144329896907214,25,HEALTHY
D03089,2023-11-14,rep_20,0.8100608083138292,1404.9166666666667,48,Negotiation,0.4189189189189189,25,HEALTHY
D03230,2023-11-30,rep_10,0.5400405388758861,1732.28125,32,Qualified,0.38144329896907214,25,HEALTHY
D00945,2023-12-18,rep_10,0.23626773575820018,2391.8571428571427,14,Closed,0.4189189189189189,25,HEALTHY
D01042,2023-12-23,rep_20,0.15188640155884298,1105.5555555555557,9,Closed,0.38144329896907214,25,HEALTHY
D01052,2023-12-28,rep_11,0.06750506735948576,8291.0,4,Closed,0.38144329896907214,25,HEALTHY
D01073,2023-12-20,rep_11,0.2025152020784573,1411.5,12,Demo,0.38144329896907214,25,HEALTHY
D03029,2023-12-20,rep_2,0.2025152020784573,2025.1666666666667,12,Demo,0.4189189189189189,25,HEALTHY
D03035,2023-12-19,rep_2,0.21939146891832872,4110.538461538462,13,Negotiation,0.4189189189189189,25,HEALTHY
D03190,2023-12-27,rep_19,0.0843813341993572,7912.2,5,Proposal,0.38144329896907214,25,HEALTHY
D03123,2023-12-07,rep_2,0.421906670996786,2815.92,25,Demo,0.38144329896907214,25,HEALTHY
D03155,2023-11-17,rep_9,0.7594320077942148,2062.511111111111,45,Negotiation,0.4189189189189189,25,HEALTHY
D03147,2023-12-29,rep_6,0.050628800519614325,28502.0,3,Qualified,0.4189189189189189,25,HEALTHY
D03130,2023-12-12,rep_19,0.3375253367974288,4358.7,20,Proposal,0.38144329896907214,25,HEALTHY
D00203,2023-12-05,rep_24,0.45565920467652893,1036.6296296296296,27,Closed,0.4189189189189189,25,HEALTHY
D04967,2023-12-16,rep_4,0.27002026943794305,419.0,16,Proposal,0.38144329896907214,25,HEALTHY
D04935,2023-12-26,rep_23,0.10125760103922865,4412.0,6,Demo,0.4189189189189189,25,HEALTHY
D00108,2023-11-16,rep_10,0.7763082746340862,1520.108695652174,46,Closed,0.38144329896907214,25,HEALTHY
D04760,2023-11-22,rep_25,0.6750506735948576,145.075,40,Negotiation,0.53,20,HEALTHY
D04681,2023-12-04,rep_25,0.47253547151640035,351.35714285714283,28,Closed,0.53,20,HEALTHY
D01551,2023-12-18,rep_18,0.23626773575820018,160.71428571428572,14,Proposal,0.53,20,HEALTHY
D01739,2023-11-17,rep_3,0.7594320077942148,69.06666666666666,45,Proposal,0.53,20,HEALTHY
D01730,2023-10-31,rep_8,1.0463285440720294,211.38709677419354,62,Qualified,0.527027027027027,20,HEALTHY
D01714,2023-12-08,rep_6,0.4050304041569146,190.41666666666666,24,Qualified,0.53,20,HEALTHY
D01638,2023-11-05,rep_3,0.9619472098726721,38.24561403508772,57,Proposal,0.527027027027027,20,HEALTHY
D03212,2023-11-25,rep_16,0.6244218730752433,108.86486486486487,37,Proposal,0.527027027027027,20,HEALTHY
D03161,2023-11-30,rep_8,0.5400405388758861,127.875,32,Negotiation,0.53,20,HEALTHY
D03156,2023-12-08,rep_19,0.4050304041569146,124.875,24,Demo,0.527027027027027,20,HEALTHY
D03126,2023-11-23,rep_6,0.6581744067549862,161.82051282051282,39,Closed,0.527027027027027,20,HEALTHY
D04803,2023-11-29,rep_7,0.5569168057157575,105.42424242424242,33,Proposal,0.53,20,HEALTHY
D01633,2023-10-25,rep_21,1.147586145111258,108.75,68,Proposal,0.53,20,HEALTHY
D04971,2023-11-04,rep_3,0.9788234767125435,75.32758620689656,58,Closed,0.53,20,HEALTHY
D04622,2023-12-08,rep_10,0.4050304041569146,92.91666666666667,24,Closed,0.527027027027027,20,HEALTHY
D04616,2023-11-02,rep_14,1.0125760103922865,298.6666666666667,60,Qualified,0.527027027027027,20,HEALTHY
D04598,2023-11-24,rep_14,0.6412981399151148,88.47368421052632,38,Negotiation,0.527027027027027,20,HEALTHY
D04543,2023-10-22,rep_12,1.1982149456308724,216.0,71,Qualified,0.527027027027027,20,HEALTHY
D00342,2023-12-01,rep_4,0.5231642720360147,319.258064516129,31,Negotiation,0.527027027027027,20,HEALTHY
D00259,2023-11-29,rep_12,0.5569168057157575,288.75757575757575,33,Qualified,0.53,20,HEALTHY
D04539,2023-11-24,rep_11,0.6412981399151148,255.60526315789474,38,Negotiation,0.53,20,HEALTHY
D04524,2023-11-10,rep_22,0.8775658756733149,295.5769230769231,52,Negotiation,0.53,20,HEALTHY
D01154,2023-12-20,rep_20,0.2025152020784573,322.5,12,Qualified,0.527027027027027,20,HEALTHY
D01126,2023-11-06,rep_7,0.9450709430328007,134.91071428571428,56,Negotiation,0.527027027027027,20,HEALTHY
D03234,2023-12-20,rep_15,0.2025152020784573,294.0,12,Negotiation,0.53,20,HEALTHY
D03121,2023-11-02,rep_7,1.0125760103922865,81.55,60,Negotiation,0.527027027027027,20,HEALTHY
D01080,2023-11-16,rep_21,0.7763082746340862,55.34782608695652,46,Proposal,0.53,20,HEALTHY
D00960,2023-12-04,rep_2,0.47253547151640035,131.64285714285714,28,Negotiation,0.527027027027027,20,HEALTHY
D04518,2023-10-18,rep_21,1.265720012990358,537.4,75,Qualified,0.53,20,HEALTHY
D04453,2023-11-04,rep_16,0.9788234767125435,52.327586206896555,58,Closed,0.53,20,HEALTHY
D01771,2023-11-29,rep_22,0.5569168057157575,71.9090909090909,33,Negotiation,0.53,20,HEALTHY
D01613,2023-12-10,rep_9,0.3712778704771717,165.5,22,Negotiation,0.527027027027027,20,HEALTHY
D01580,2023-11-24,rep_21,0.6412981399151148,171.31578947368422,38,Proposal,0.527027027027027,20,HEALTHY
D01573,2023-11-17,rep_8,0.7594320077942148,55.17777777777778,45,Closed,0.527027027027027,20,HEALTHY
D01556,2023-10-14,rep_13,1.3332250803498438,1065.5316455696202,79,Proposal,0.53,20,HEALTHY
D04348,2023-11-21,rep_5,0.6919269404347291,293.3414634146341,41,Negotiation,0.53,20,HEALTHY
D03373,2023-11-26,rep_6,0.6075456062353719,191.0,36,Proposal,0.53,20,HEALTHY
D02997,2023-11-23,rep_16,0.6581744067549862,135.97435897435898,39,Proposal,0.53,20,HEALTHY
D02973,2023-11-11,rep_14,0.8606896088334435,105.37254901960785,51,Closed,0.527027027027027,20,HEALTHY
D02928,2023-12-13,rep_4,0.3206490699575574,260.63157894736844,19,Closed,0.527027027027027,20,HEALTHY
D00473,2023-11-21,rep_18,0.6919269404347291,59.58536585365854,41,Proposal,0.527027027027027,20,HEALTHY
D01413,2023-10-28,rep_10,1.0969573445916436,44.33846153846154,65,Qualified,0.527027027027027,20,HEALTHY
D02052,2023-10-29,rep_2,1.0800810777517722,215.6875,64,Closed,0.53,20,HEALTHY
D02132,2023-10-13,rep_24,1.3501013471897152,817.4,80,Qualified,0.53,20,HEALTHY
D02083,2023-10-22,rep_17,1.1982149456308724,311.49295774647885,71,Negotiation,0.527027027027027,20,HEALTHY
D02074,2023-11-17,rep_8,0.7594320077942148,241.26666666666668,45,Proposal,0.527027027027027,20,HEALTHY
D02058,2023-10-19,rep_13,1.2488437461504867,1342.7297297297298,74,Negotiation,0.527027027027027,20,HEALTHY
D04301,2023-12-09,rep_23,0.3881541373170431,274.17391304347825,23,Qualified,0.53,20,HEALTHY
D04266,2023-10-11,rep_23,1.3838538808694583,1099.4878048780488,82,Closed,0.527027027027027,20,HEALTHY
D04172,2023-11-27,rep_11,0.5906693393955005,156.77142857142857,35,Closed,0.527027027027027,20,HEALTHY
D04109,2023-11-09,rep_13,0.8944421425131863,218.52830188679246,53,Qualified,0.527027027027027,20,HEALTHY
D02709,2023-11-21,rep_10,0.6919269404347291,255.97560975609755,41,Negotiation,0.527027027027027,20,HEALTHY
D02698,2023-11-12,rep_8,0.843813341993572,153.62,50,Proposal,0.527027027027027,20,HEALTHY
D02859,2023-10-26,rep_22,1.1307098782713865,44.91044776119403,67,Closed,0.53,20,HEALTHY
D04094,2023-10-05,rep_5,1.4851114819086868,609.1477272727273,88,Proposal,0.527027027027027,20,HEALTHY
D04065,2023-11-08,rep_14,0.9113184093530579,342.537037037037,54,Qualified,0.53,20,HEALTHY
D04062,2023-12-23,rep_9,0.15188640155884298,254.66666666666666,9,Proposal,0.53,20,HEALTHY
D02346,2023-10-19,rep_7,1.2488437461504867,701.1891891891892,74,Qualified,0.53,20,HEALTHY
D02343,2023-11-20,rep_4,0.7088032072746006,95.5952380952381,42,Negotiation,0.527027027027027,20,HEALTHY
D02274,2023-12-08,rep_18,0.4050304041569146,274.875,24,Closed,0.53,20,HEALTHY
D02232,2023-10-22,rep_3,1.1982149456308724,210.33802816901408,71,Qualified,0.53,20,HEALTHY
D02223,2023-10-29,rep_23,1.0800810777517722,102.0625,64,Proposal,0.53,20,HEALTHY
D02182,2023-11-01,rep_23,1.029452277232158,60.83606557377049,61,Closed,0.53,20,HEALTHY
D04049,2023-11-14,rep_24,0.8100608083138292,165.9375,48,Qualified,0.53,20,HEALTHY
D04022,2023-11-11,rep_5,0.8606896088334435,236.41176470588235,51,Proposal,0.527027027027027,20,HEALTHY
D00545,2023-12-03,rep_5,0.4894117383562718,291.2758620689655,29,Qualified,0.53,20,HEALTHY
D00533,2023-10-25,rep_10,1.147586145111258,152.98529411764707,68,Closed,0.527027027027027,20,HEALTHY
D02441,2023-10-29,rep_14,1.0800810777517722,85.5,64,Closed,0.53,20,HEALTHY
D02415,2023-11-01,rep_21,1.029452277232158,251.2622950819672,61,Proposal,0.527027027027027,20,HEALTHY
D02397,2023-11-30,rep_14,0.5400405388758861,227.59375,32,Proposal,0.527027027027027,20,HEALTHY
D01356,2023-12-10,rep_16,0.3712778704771717,236.4090909090909,22,Demo,0.527027027027027,20,HEALTHY
D01275,2023-11-21,rep_20,0.6919269404347291,336.8536585365854,41,Qualified,0.53,20,HEALTHY
D01230,2023-10-19,rep_11,1.2488437461504867,1226.054054054054,74,Closed,0.53,20,HEALTHY
D03563,2023-12-06,rep_10,0.43878293783665745,184.53846153846155,26,Negotiation,0.53,20,HEALTHY
D03557,2023-11-21,rep_25,0.6919269404347291,138.21951219512195,41,Negotiation,0.527027027027027,20,HEALTHY
D00729,2023-11-22,rep_11,0.6750506735948576,194.925,40,Proposal,0.53,20,HEALTHY
D03506,2023-10-28,rep_16,1.0969573445916436,145.2,65,Proposal,0.53,20,HEALTHY
D01335,2023-12-19,rep_23,0.21939146891832872,296.0769230769231,13,Demo,0.527027027027027,20,HEALTHY
D01324,2023-11-22,rep_3,0.6750506735948576,56.2,40,Qualified,0.53,20,HEALTHY
D03920,2023-12-12,rep_18,0.3375253367974288,200.75,20,Negotiation,0.527027027027027,20,HEALTHY
D03916,2023-11-27,rep_22,0.5906693393955005,107.88571428571429,35,Closed,0.53,20,HEALTHY
D03706,2023-12-03,rep_15,0.4894117383562718,336.48275862068965,29,Demo,0.53,20,HEALTHY
D03678,2023-11-27,rep_10,0.5906693393955005,69.22857142857143,35,Qualified,0.53,20,HEALTHY
D02696,2023-10-20,rep_5,1.2319674793106152,392.06849315068496,73,Proposal,0.53,20,HEALTHY
D02639,2023-10-14,rep_15,1.3332250803498438,489.0886075949367,79,Negotiation,0.527027027027027,20,HEALTHY
D02635,2023-12-03,rep_22,0.4894117383562718,179.10344827586206,29,Demo,0.53,20,HEALTHY
D03812,2023-12-11,rep_10,0.3544016036373003,198.42857142857142,21,Qualified,0.527027027027027,20,HEALTHY
D03806,2023-12-10,rep_19,0.3712778704771717,213.0,22,Proposal,0.53,20,HEALTHY
D01223,2023-11-28,rep_16,0.573793072555629,61.794117647058826,34,Closed,0.527027027027027,20,HEALTHY
D02519,2023-10-22,rep_14,1.1982149456308724,312.3943661971831,71,Proposal,0.53,20,HEALTHY
D00007,2023-11-08,rep_9,0.9113184093530579,222.40740740740742,54,Negotiation,0.53,20,HEALTHY
D04987,2023-12-21,rep_10,0.18563893523858585,238.63636363636363,11,Demo,0.527027027027027,20,HEALTHY
D00138,2023-11-25,rep_3,0.6244218730752433,176.8108108108108,37,Proposal,0.527027027027027,20,HEALTHY
D04957,2023-10-19,rep_9,1.2488437461504867,784.6216216216217,74,Negotiation,0.527027027027027,20,HEALTHY
D04910,2023-12-04,rep_4,0.47253547151640035,330.89285714285717,28,Negotiation,0.527027027027027,20,HEALTHY
D04902,2023-12-17,rep_21,0.2531440025980716,315.2,15,Closed,0.53,20,HEALTHY
D04891,2023-10-27,rep_1,1.113833611431515,64.07575757575758,66,Proposal,0.527027027027027,20,HEALTHY
D04874,2023-11-13,rep_20,0.8269370751537006,183.81632653061226,49,Closed,0.527027027027027,20,HEALTHY
D00114,2023-11-08,rep_11,0.9113184093530579,156.92592592592592,54,Proposal,0.527027027027027,20,HEALTHY
D00097,2023-12-11,rep_16,0.3544016036373003,323.23809523809524,21,Demo,0.527027027027027,20,HEALTHY
D00073,2023-12-25,rep_20,0.11813386787910009,2406.714285714286,7,Qualified,0.53,0,HEALTHY
D00091,2023-12-20,rep_8,0.2025152020784573,938.5833333333334,12,Qualified,0.53,0,HEALTHY
D00092,2023-12-25,rep_22,0.11813386787910009,1056.0,7,Closed,0.527027027027027,0,HEALTHY
D04930,2023-11-29,rep_8,0.5569168057157575,532.9090909090909,33,Negotiation,0.527027027027027,0,HEALTHY
D04952,2023-11-09,rep_23,0.8944421425131863,1334.1698113207547,53,Closed,0.53,0,HEALTHY
D00178,2023-12-28,rep_11,0.06750506735948576,20675.25,4,Negotiation,0.53,0,HEALTHY
D00183,2023-12-09,rep_23,0.3881541373170431,385.2173913043478,23,Proposal,0.527027027027027,0,HEALTHY
D00233,2023-12-29,rep_5,0.050628800519614325,6450.333333333333,3,Negotiation,0.527027027027027,0,HEALTHY
D00240,2023-12-13,rep_11,0.3206490699575574,2256.0526315789475,19,Demo,0.527027027027027,0,HEALTHY
D04769,2023-10-23,rep_1,1.181338678791001,1125.4857142857143,70,Proposal,0.527027027027027,0,HEALTHY
D04777,2023-12-03,rep_5,0.4894117383562718,605.7586206896551,29,Proposal,0.53,0,HEALTHY
D00160,2023-12-15,rep_14,0.2868965362778145,383.29411764705884,17,Demo,0.527027027027027,0,HEALTHY
D00165,2023-12-19,rep_20,0.21939146891832872,415.6923076923077,13,Proposal,0.53,0,HEALTHY
D04858,2023-12-02,rep_22,0.5062880051961433,2756.5333333333333,30,Demo,0.527027027027027,0,HEALTHY
D04862,2023-10-24,rep_1,1.1644624119511293,775.4782608695652,69,Negotiation,0.527027027027027,0,HEALTHY
D00058,2023-11-12,rep_9,0.843813341993572,1541.82,50,Closed,0.53,0,HEALTHY
D00038,2023-11-16,rep_22,0.7763082746340862,1290.5,46,Proposal,0.53,0,HEALTHY
D04975,2023-11-07,rep_3,0.9281946761929293,1121.8363636363636,55,Qualified,0.527027027027027,0,HEALTHY
D04983,2023-12-28,rep_25,0.06750506735948576,1117.25,4,Closed,0.53,0,HEALTHY
D04984,2023-12-18,rep_23,0.23626773575820018,4433.785714285715,14,Demo,0.527027027027027,0,HEALTHY
D04985,2023-12-31,rep_18,0.01687626683987144,13821.0,1,Proposal,0.527027027027027,0,HEALTHY
D05000,2023-12-22,rep_5,0.1687626683987144,1052.4,10,Demo,0.527027027027027,0,HEALTHY
D02475,2023-12-20,rep_25,0.2025152020784573,3645.0,12,Demo,0.527027027027027,0,HEALTHY
D02484,2023-12-24,rep_14,0.13501013471897153,2316.75,8,Qualified,0.527027027027027,0,HEALTHY
D02490,2023-12-28,rep_19,0.06750506735948576,2497.5,4,Demo,0.53,0,HEALTHY
D02542,2023-12-31,rep_17,0.01687626683987144,17836.0,1,Qualified,0.527027027027027,0,HEALTHY
D02543,2023-12-26,rep_16,0.10125760103922865,7275.833333333333,6,Demo,0.53,0,HEALTHY
D01187,2023-11-02,rep_6,1.0125760103922865,1145.3166666666666,60,Negotiation,0.527027027027027,0,HEALTHY
D01202,2023-12-22,rep_8,0.1687626683987144,4171.0,10,Closed,0.53,0,HEALTHY
D03788,2023-11-24,rep_9,0.6412981399151148,1047.3157894736842,38,Proposal,0.527027027027027,0,HEALTHY
D03835,2023-11-27,rep_8,0.5906693393955005,552.0285714285715,35,Qualified,0.527027027027027,0,HEALTHY
D03848,2023-12-25,rep_16,0.11813386787910009,1358.0,7,Demo,0.527027027027027,0,HEALTHY
D03868,2023-12-23,rep_1,0.15188640155884298,7129.444444444444,9,Demo,0.527027027027027,0,HEALTHY
D00597,2023-12-31,rep_4,0.01687626683987144,3436.0,1,Demo,0.527027027027027,0,HEALTHY
D02594,2023-11-16,rep_12,0.7763082746340862,871.1739130434783,46,Closed,0.527027027027027,0,HEALTHY
D02610,2023-12-01,rep_25,0.5231642720360147,1755.0,31,Qualified,0.527027027027027,0,HEALTHY
D02662,2023-12-05,rep_6,0.45565920467652893,692.6296296296297,27,Demo,0.527027027027027,0,HEALTHY
D02674,2023-12-26,rep_5,0.10125760103922865,10727.333333333334,6,Qualified,0.527027027027027,0,HEALTHY
D03599,2023-12-31,rep_8,0.01687626683987144,50367.0,1,Proposal,0.527027027027027,0,HEALTHY
D03641,2023-12-16,rep_2,0.27002026943794305,900.125,16,Proposal,0.527027027027027,0,HEALTHY
D03687,2023-11-27,rep_7,0.5906693393955005,2704.1714285714284,35,Negotiation,0.53,0,HEALTHY
D03694,2023-12-06,rep_6,0.43878293783665745,2548.9615384615386,26,Negotiation,0.527027027027027,0,HEALTHY
D03698,2023-12-15,rep_18,0.2868965362778145,712.1764705882352,17,Proposal,0.527027027027027,0,HEALTHY
D03764,2023-11-30,rep_21,0.5400405388758861,569.375,32,Negotiation,0.527027027027027,0,HEALTHY
D03775,2023-11-30,rep_9,0.5400405388758861,503.96875,32,Qualified,0.53,0,HEALTHY
D00600,2023-11-28,rep_11,0.573793072555629,1155.235294117647,34,Negotiation,0.527027027027027,0,HEALTHY
D00601,2023-12-14,rep_3,0.30377280311768595,810.0,18,Proposal,0.527027027027027,0,HEALTHY
D00610,2023-10-25,rep_12,1.147586145111258,1211.6911764705883,68,Qualified,0.527027027027027,0,HEALTHY
D00623,2023-12-27,rep_13,0.0843813341993572,1869.4,5,Qualified,0.53,0,HEALTHY
D00637,2023-12-23,rep_19,0.15188640155884298,1576.4444444444443,9,Proposal,0.527027027027027,0,HEALTHY
D03900,2023-12-23,rep_23,0.15188640155884298,478.8888888888889,9,Closed,0.53,0,HEALTHY
D03923,2023-12-27,rep_11,0.0843813341993572,13886.8,5,Negotiation,0.53,0,HEALTHY
D03947,2023-12-19,rep_15,0.21939146891832872,373.0,13,Qualified,0.53,0,HEALTHY
D03956,2023-12-28,rep_24,0.06750506735948576,16377.5,4,Negotiation,0.527027027027027,0,HEALTHY
D00512,2023-12-20,rep_11,0.2025152020784573,4946.5,12,Closed,0.53,0,HEALTHY
D00523,2023-12-27,rep_11,0.0843813341993572,2161.2,5,Closed,0.527027027027027,0,HEALTHY
D01344,2023-12-24,rep_20,0.13501013471897153,712.5,8,Proposal,0.527027027027027,0,HEALTHY
D03527,2023-12-08,rep_12,0.4050304041569146,486.875,24,Demo,0.527027027027027,0,HEALTHY
D03534,2023-12-29,rep_9,0.050628800519614325,3382.0,3,Closed,0.53,0,HEALTHY
D00709,2023-12-31,rep_16,0.01687626683987144,9511.0,1,Demo,0.53,0,HEALTHY
D00771,2023-12-12,rep_7,0.3375253367974288,382.2,20,Demo,0.527027027027027,0,HEALTHY
D03554,2023-12-14,rep_6,0.30377280311768595,1375.2222222222222,18,Negotiation,0.527027027027027,0,HEALTHY
D03556,2023-12-09,rep_14,0.3881541373170431,1438.9565217391305,23,Demo,0.527027027027027,0,HEALTHY
D03560,2023-12-27,rep_25,0.0843813341993572,18487.8,5,Demo,0.527027027027027,0,HEALTHY
D03564,2023-12-24,rep_25,0.13501013471897153,1647.875,8,Proposal,0.53,0,HEALTHY
D03574,2023-11-30,rep_4,0.5400405388758861,605.84375,32,Closed,0.527027027027027,0,HEALTHY
D03594,2023-12-05,rep_15,0.45565920467652893,683.8518518518518,27,Negotiation,0.53,0,HEALTHY
D02348,2023-12-04,rep_3,0.47253547151640035,576.4642857142857,28,Closed,0.527027027027027,0,HEALTHY
D02363,2023-12-20,rep_13,0.2025152020784573,2603.75,12,Demo,0.53,0,HEALTHY
D02373,2023-12-06,rep_1,0.43878293783665745,979.3461538461538,26,Proposal,0.527027027027027,0,HEALTHY
D02385,2023-12-30,rep_2,0.03375253367974288,7298.0,2,Proposal,0.527027027027027,0,HEALTHY
D02432,2023-12-03,rep_3,0.4894117383562718,451.9310344827586,29,Demo,0.53,0,HEALTHY
D02467,2023-12-19,rep_19,0.21939146891832872,1138.6923076923076,13,Demo,0.527027027027027,0,HEALTHY
D02470,2023-12-08,rep_16,0.4050304041569146,536.1666666666666,24,Demo,0.527027027027027,0,HEALTHY
D00595,2023-12-02,rep_15,0.5062880051961433,2982.9666666666667,30,Negotiation,0.527027027027027,0,HEALTHY
D04024,2023-11-26,rep_24,0.6075456062353719,480.6666666666667,36,Closed,0.53,0,HEALTHY
D02137,2023-11-18,rep_5,0.7425557409543434,2045.7954545454545,44,Qualified,0.53,0,HEALTHY
D02154,2023-11-19,rep_20,0.725679474114472,1336.3720930232557,43,Closed,0.527027027027027,0,HEALTHY
D02181,2023-11-21,rep_10,0.6919269404347291,1803.7073170731708,41,Qualified,0.53,0,HEALTHY
D02241,2023-12-22,rep_18,0.1687626683987144,3683.7,10,Demo,0.527027027027027,0,HEALTHY
D02276,2023-11-25,rep_8,0.6244218730752433,1236.6756756756756,37,Closed,0.53,0,HEALTHY
D01316,2023-11-18,rep_6,0.7425557409543434,1569.5454545454545,44,Negotiation,0.527027027027027,0,HEALTHY
D02827,2023-11-09,rep_15,0.8944421425131863,1781.2830188679245,53,Qualified,0.53,0,HEALTHY
D02886,2023-12-24,rep_4,0.13501013471897153,10953.0,8,Qualified,0.53,0,HEALTHY
D02920,2023-12-16,rep_10,0.27002026943794305,2630.5625,16,Proposal,0.527027027027027,0,HEALTHY
D01098,2023-12-28,rep_7,0.06750506735948576,4314.25,4,Demo,0.53,0,HEALTHY
D01116,2023-12-01,rep_20,0.5231642720360147,418.16129032258067,31,Qualified,0.53,0,HEALTHY
D02715,2023-11-07,rep_15,0.9281946761929293,1364.6,55,Negotiation,0.527027027027027,0,HEALTHY
D02734,2023-12-21,rep_11,0.18563893523858585,8567.09090909091,11,Negotiation,0.527027027027027,0,HEALTHY
D02775,2023-12-02,rep_2,0.5062880051961433,2307.1,30,Closed,0.527027027027027,0,HEALTHY
D02800,2023-12-30,rep_14,0.03375253367974288,1708.0,2,Demo,0.527027027027027,0,HEALTHY
D02813,2023-12-28,rep_5,0.06750506735948576,741.0,4,Proposal,0.53,0,HEALTHY
D02814,2023-12-21,rep_11,0.18563893523858585,726.0909090909091,11,Qualified,0.53,0,HEALTHY
D03447,2023-12-05,rep_8,0.45565920467652893,583.4814814814815,27,Demo,0.527027027027027,0,HEALTHY
D03473,2023-12-13,rep_6,0.3206490699575574,435.7894736842105,19,Qualified,0.53,0,HEALTHY
D04099,2023-11-30,rep_13,0.5400405388758861,766.5625,32,Closed,0.527027027027027,0,HEALTHY
D04115,2023-12-20,rep_1,0.2025152020784573,406.1666666666667,12,Proposal,0.527027027027027,0,HEALTHY
D04222,2023-11-21,rep_2,0.6919269404347291,1826.5365853658536,41,Qualified,0.527027027027027,0,HEALTHY
D04224,2023-12-22,rep_16,0.1687626683987144,546.6,10,Demo,0.527027027027027,0,HEALTHY
D04252,2023-12-22,rep_5,0.1687626683987144,1525.7,10,Proposal,0.527027027027027,0,HEALTHY
D04276,2023-11-30,rep_14,0.5400405388758861,2004.46875,32,Closed,0.53,0,HEALTHY
D04277,2023-12-18,rep_13,0.23626773575820018,840.7142857142857,14,Qualified,0.527027027027027,0,HEALTHY
D00365,2023-12-31,rep_23,0.01687626683987144,7182.0,1,Closed,0.527027027027027,0,HEALTHY
D01436,2023-12-23,rep_17,0.15188640155884298,1399.7777777777778,9,Qualified,0.53,0,HEALTHY
D01445,2023-12-28,rep_19,0.06750506735948576,1739.5,4,Negotiation,0.527027027027027,0,HEALTHY
D01463,2023-12-03,rep_4,0.4894117383562718,552.4137931034483,29,Proposal,0.53,0,HEALTHY
D01493,2023-12-11,rep_7,0.3544016036373003,916.7619047619048,21,Demo,0.527027027027027,0,HEALTHY
D02085,2023-12-23,rep_21,0.15188640155884298,680.6666666666666,9,Proposal,0.53,0,HEALTHY
D02108,2023-12-25,rep_23,0.11813386787910009,715.4285714285714,7,Negotiation,0.53,0,HEALTHY
D01996,2023-12-11,rep_1,0.3544016036373003,3857.904761904762,21,Qualified,0.53,0,HEALTHY
D02054,2023-12-30,rep_9,0.03375253367974288,11178.5,2,Closed,0.527027027027027,0,HEALTHY
D00421,2023-11-21,rep_12,0.6919269404347291,475.3170731707317,41,Negotiation,0.53,0,HEALTHY
D00432,2023-12-20,rep_9,0.2025152020784573,1317.25,12,Proposal,0.53,0,HEALTHY
D00436,2023-12-30,rep_17,0.03375253367974288,6222.0,2,Closed,0.527027027027027,0,HEALTHY
D00441,2023-11-20,rep_10,0.7088032072746006,2109.7619047619046,42,Closed,0.527027027027027,0,HEALTHY
D00459,2023-12-04,rep_20,0.47253547151640035,3043.3571428571427,28,Demo,0.53,0,HEALTHY
D02992,2023-12-07,rep_1,0.421906670996786,623.8,25,Proposal,0.527027027027027,0,HEALTHY
D02993,2023-11-19,rep_12,0.725679474114472,1771.7906976744187,43,Closed,0.527027027027027,0,HEALTHY
D03003,2023-12-10,rep_7,0.3712778704771717,3235.7272727272725,22,Negotiation,0.527027027027027,0,HEALTHY
D00890,2023-12-02,rep_4,0.5062880051961433,476.76666666666665,30,Demo,0.53,0,HEALTHY
D00892,2023-12-14,rep_12,0.30377280311768595,3307.0,18,Proposal,0.53,0,HEALTHY
D00927,2023-12-25,rep_18,0.11813386787910009,2111.8571428571427,7,Proposal,0.527027027027027,0,HEALTHY
D03357,2023-12-18,rep_20,0.23626773575820018,5306.0,14,Demo,0.527027027027027,0,HEALTHY
D03377,2023-12-26,rep_16,0.10125760103922865,13703.5,6,Demo,0.53,0,HEALTHY
D03402,2023-12-04,rep_1,0.47253547151640035,2857.785714285714,28,Closed,0.527027027027027,0,HEALTHY
D03418,2023-12-20,rep_7,0.2025152020784573,774.75,12,Proposal,0.527027027027027,0,HEALTHY
D03429,2023-12-07,rep_17,0.421906670996786,813.76,25,Proposal,0.53,0,HEALTHY
D02821,2023-11-21,rep_24,0.6919269404347291,1163.121951219512,41,Negotiation,0.53,0,HEALTHY
D04309,2023-12-06,rep_1,0.43878293783665745,657.4615384615385,26,Demo,0.53,0,HEALTHY
D01616,2023-12-08,rep_19,0.4050304041569146,940.625,24,Proposal,0.53,0,HEALTHY
D01619,2023-10-30,rep_4,1.0632048109119008,1571.968253968254,63,Proposal,0.527027027027027,0,HEALTHY
D01780,2023-12-29,rep_15,0.050628800519614325,1371.6666666666667,3,Proposal,0.527027027027027,0,HEALTHY
D01784,2023-12-17,rep_8,0.2531440025980716,791.4,15,Proposal,0.53,0,HEALTHY
D01793,2023-12-12,rep_20,0.3375253367974288,4779.95,20,Closed,0.527027027027027,0,HEALTHY
D01822,2023-12-10,rep_25,0.3712778704771717,371.59090909090907,22,Demo,0.527027027027027,0,HEALTHY
D04411,2023-12-14,rep_14,0.30377280311768595,497.1666666666667,18,Closed,0.53,0,HEALTHY
D01069,2023-12-26,rep_12,0.10125760103922865,14191.166666666666,6,Negotiation,0.527027027027027,0,HEALTHY
D03018,2023-12-24,rep_21,0.13501013471897153,10736.375,8,Qualified,0.53,0,HEALTHY
D03092,2023-12-11,rep_10,0.3544016036373003,771.7619047619048,21,Closed,0.53,0,HEALTHY
D03240,2023-11-24,rep_2,0.6412981399151148,515.921052631579,38,Proposal,0.527027027027027,0,HEALTHY
D03349,2023-12-18,rep_19,0.23626773575820018,513.2142857142857,14,Demo,0.53,0,HEALTHY
D00829,2023-12-14,rep_10,0.30377280311768595,1634.111111111111,18,Proposal,0.527027027027027,0,HEALTHY
D00847,2023-12-25,rep_6,0.11813386787910009,931.1428571428571,7,Qualified,0.53,0,HEALTHY
D00865,2023-12-25,rep_23,0.11813386787910009,11730.57142857143,7,Qualified,0.527027027027027,0,HEALTHY
D00877,2023-10-31,rep_9,1.0463285440720294,1387.6774193548388,62,Closed,0.53,0,HEALTHY
D00880,2023-12-28,rep_11,0.06750506735948576,18380.5,4,Proposal,0.527027027027027,0,HEALTHY
D04526,2023-12-28,rep_15,0.06750506735948576,1656.5,4,Qualified,0.53,0,HEALTHY
D00306,2023-12-27,rep_2,0.0843813341993572,2140.6,5,Demo,0.527027027027027,0,HEALTHY
D00320,2023-11-06,rep_25,0.9450709430328007,1310.142857142857,56,Negotiation,0.527027027027027,0,HEALTHY
D00332,2023-12-15,rep_14,0.2868965362778145,2898.3529411764707,17,Proposal,0.53,0,HEALTHY
D00362,2023-12-04,rep_18,0.47253547151640035,734.5714285714286,28,Qualified,0.527027027027027,0,HEALTHY
D00363,2023-12-21,rep_20,0.18563893523858585,6434.363636363636,11,Closed,0.527027027027027,0,HEALTHY
D04809,2023-12-18,rep_11,0.23626773575820018,1168.642857142857,14,Negotiation,0.527027027027027,0,HEALTHY
D04811,2023-12-13,rep_22,0.3206490699575574,716.5263157894736,19,Negotiation,0.527027027027027,0,HEALTHY
D04820,2023-11-25,rep_1,0.6244218730752433,499.64864864864865,37,Qualified,0.527027027027027,0,HEALTHY
D04824,2023-12-27,rep_24,0.0843813341993572,756.8,5,Closed,0.527027027027027,0,HEALTHY
D03133,2023-12-06,rep_16,0.43878293783665745,496.7307692307692,26,Negotiation,0.527027027027027,0,HEALTHY
D03166,2023-12-30,rep_6,0.03375253367974288,36919.0,2,Demo,0.527027027027027,0,HEALTHY
D03191,2023-12-06,rep_13,0.43878293783665745,803.0384615384615,26,Proposal,0.53,0,HEALTHY
D03198,2023-11-22,rep_19,0.6750506735948576,2344.6,40,Qualified,0.53,0,HEALTHY
D03207,2023-12-20,rep_9,0.2025152020784573,4689.666666666667,12,Negotiation,0.527027027027027,0,HEALTHY
D03228,2023-12-23,rep_4,0.15188640155884298,8619.111111111111,9,Closed,0.527027027027027,0,HEALTHY
D00957,2023-12-19,rep_9,0.21939146891832872,755.0,13,Qualified,0.527027027027027,0,HEALTHY
D01703,2023-12-24,rep_14,0.13501013471897153,11797.625,8,Negotiation,0.53,0,HEALTHY
D01741,2023-12-11,rep_2,0.3544016036373003,1177.7619047619048,21,Demo,0.527027027027027,0,HEALTHY
D01514,2023-11-23,rep_25,0.6581744067549862,442.61538461538464,39,Qualified,0.527027027027027,0,HEALTHY
D01521,2023-12-11,rep_11,0.3544016036373003,529.3809523809524,21,Closed,0.53,0,HEALTHY
D04627,2023-12-26,rep_13,0.10125760103922865,2819.1666666666665,6,Demo,0.527027027027027,0,HEALTHY
D04636,2023-12-22,rep_6,0.1687626683987144,9412.9,10,Negotiation,0.527027027027027,0,HEALTHY
D04642,2023-11-21,rep_10,0.6919269404347291,1651.9268292682927,41,Proposal,0.527027027027027,0,HEALTHY
D04686,2023-11-18,rep_18,0.7425557409543434,1903.7954545454545,44,Negotiation,0.527027027027027,0,HEALTHY
D04723,2023-12-21,rep_20,0.18563893523858585,1115.5454545454545,11,Proposal,0.53,0,HEALTHY
